category,total_orders,gmv,items_revenue,total_items,review_score,delivery_days,delay_rate
health_beauty,8608,1410897.87,1232074.12,9453.0,4.236257928118393,12.10120617906039,0.08991635687732343
watches_gifts,5472,1261855.41,1163585.35,5856.0,4.128618845657385,12.824912309990522,0.08552631578947369
bed_bath_table,9167,1223852.92,1022202.47,10946.0,4.015127919911012,13.032305442680872,0.0884695101996291
sports_leisure,7491,1119254.16,956122.87,8425.0,4.233495670995671,12.25704162803491,0.07796021892938193
computers_accessories,6501,1030735.71,887181.15,7634.0,4.088913111180318,13.185291912393163,0.07737271189047838
furniture_decor,6213,884057.8,715568.48,8172.0,4.076734693877551,13.108665000506704,0.0856269113149847
housewares,5688,760680.24,617564.75,6807.0,4.206122448979592,11.109886269664532,0.069971870604782
cool_stuff,3530,692902.01,611226.51,3729.0,4.2296253931941665,12.39871130062428,0.06855524079320113
auto,3793,669356.77,578997.0,4141.0,4.153703212105124,12.339303748632599,0.08647508568415502
garden_tools,3414,567542.45,470924.13,4261.0,4.197578263437684,13.678181121037557,0.08025776215582894
toys,3779,546544.01,470696.59,4032.0,4.242432360032145,11.748739044762072,0.0751521566551998
baby,2763,466203.02,399829.2,2983.0,4.122848773343097,12.734832647183014,0.09337676438653637
perfumery,3073,443861.79,390742.63,3340.0,4.2680091683038635,11.925700214532789,0.07419459811259356
telephony,4076,379433.05,310120.25,4423.0,4.05755928853755,12.966329019463526,0.08537782139352307
office_furniture,1246,334080.2,267352.34,1667.0,3.6536267318663405,20.697072520955945,0.09229534510433386
stationery,2247,270092.54,224241.46,2467.0,4.308625336927224,12.806261970693436,0.0778816199376947
pet_shop,1682,251051.1,211970.35,1930.0,4.279640718562875,11.396215367232571,0.06302021403091558
computers,176,226944.66999999998,217294.14,198.0,4.242774566473988,13.94064032249579,0.06818181818181818
musical_instruments,607,202118.21,184261.01,651.0,4.247920133111481,13.110307180120813,0.08896210873146623
electronics,2507,202065.91,156065.51,2734.0,4.131239935587762,12.937279543204951,0.09852413242919825
small_appliances,606,197756.21,182324.22,661.0,4.263333333333334,11.008465021849407,0.0627062706270627
unspecified,1359,197572.73,170695.52,1539.0,4.030460624071322,12.75753019990189,0.08977189109639441
fashion_bags_accessories,1810,179751.71,149208.91,1984.0,4.248035914702581,11.233732025015346,0.06629834254143646
luggage_accessories,1008,167647.88,137780.48,1069.0,4.379241516966068,10.89499303029468,0.054563492063492064
consoles_games,1014,167034.11,147954.32,1089.0,4.186939182452642,13.78299007186427,0.08185404339250493
construction_tools_construction,728,163257.2,142850.04,918.0,4.1352288488210815,10.86338627518315,0.09203296703296704
home_appliances_2,226,118008.4,107804.95,230.0,4.149321266968326,13.884754844723041,0.07079646017699115
home_construction,466,94358.41,80984.86,590.0,4.054112554112554,13.509944513988238,0.0815450643776824
home_appliances,747,93301.78,78832.48,754.0,4.223870056497175,11.31172112834052,0.06693440428380187
furniture_living_room,409,85699.83,67850.19,501.0,4.089775561097257,13.945041825138096,0.08557457212713937
agro_industry_and_commerce,177,76203.3,70566.1,206.0,4.107344632768362,11.432300428960033,0.05084745762711865
home_confort,370,67305.68000000001,58529.0,440.0,3.923705722070845,13.556582895395396,0.10270270270270271
fixed_telephony,212,59917.94,55394.69,257.0,3.9665071770334928,12.533988032844164,0.05188679245283019
air_conditioning,245,59853.22,53313.65,289.0,4.138075313807532,11.883385487528345,0.04081632653061224
kitchen_dining_laundry_garden_furniture,239,57329.64,45698.43,278.0,4.13135593220339,11.854065308771114,0.04602510460251046
audio,344,56853.67,51197.7,360.0,3.8475073313782993,13.5065378041559,0.1308139534883721
books_general_interest,493,54150.54,45256.13,536.0,4.538934426229508,11.540724602905751,0.06896551724137931
small_appliances_home_oven_and_coffee,72,49245.9,46589.56,73.0,4.422535211267606,9.927397762345679,0.06944444444444445
construction_tools_lights,231,48202.81,40822.23,295.0,4.220264317180617,9.760362804633639,0.09090909090909091
industry_commerce_and_business,229,45771.0,38226.8,262.0,4.237885462555066,10.925780742365173,0.08296943231441048
construction_tools_safety,154,41813.42,38129.43,179.0,4.019607843137255,11.700416366041365,0.045454545454545456
food,435,35338.54,28354.39,494.0,4.321678321678322,9.824669194338016,0.10114942528735632
market_place,268,32874.85,27615.7,304.0,4.113207547169812,12.36763586580984,0.048507462686567165
costruction_tools_garden,183,28954.34,23879.94,229.0,4.274725274725275,12.041129768771503,0.07103825136612021
signaling_and_security,138,27893.81,21394.95,198.0,4.110294117647059,10.871064395464305,0.057971014492753624
fashion_shoes,233,27715.88,22932.66,255.0,4.295154185022026,15.739348225639803,0.06437768240343347
drinks,284,27581.08,22037.14,367.0,4.257042253521127,10.37345795839854,0.06690140845070422
art,191,27018.72,23233.13,195.0,4.126984126984127,11.389254653868528,0.07853403141361257
furniture_bedroom,89,23110.61,18807.6,104.0,4.292134831460674,13.761265475447358,0.07865168539325842
books_technical,255,23021.03,18786.19,265.0,4.4229249011857705,10.644327750544662,0.10980392156862745
food_drink,218,19266.97,14873.57,267.0,4.444186046511628,10.879428569911656,0.06422018348623854
costruction_tools_tools,97,17934.170000000002,15903.95,103.0,4.425531914893617,12.209838082283314,0.061855670103092786
fashion_male_clothing,106,12514.95,10452.33,125.0,3.8190476190476192,12.859536927847659,0.04716981132075472
christmas_supplies,125,11950.04,8753.84,151.0,4.1138211382113825,15.374882037037038,0.096
fashion_underwear_beach,117,11160.02,9305.95,127.0,4.008620689655173,14.00258270022159,0.1282051282051282
tablets_printing_image,77,8608.05,7382.41,82.0,4.173333333333333,13.04695196007696,0.06493506493506493
cine_photo,63,8157.14,6898.35,73.0,4.333333333333333,10.469129188712522,0.07936507936507936
music,37,6825.92,6138.88,38.0,4.297297297297297,11.556270645645645,0.08108108108108109
furniture_mattress_and_upholstery,37,5904.75,4323.38,37.0,3.861111111111111,14.432969532032033,0.13513513513513514
dvds_blu_ray,56,5892.04,4637.48,63.0,4.196428571428571,12.97692791005291,0.07142857142857142
party_supplies,38,5398.66,4565.18,43.0,4.078947368421052,8.999704556530213,0.02631578947368421
books_imported,49,5117.51,4398.87,56.0,4.510204081632653,7.804387518896447,0.02040816326530612
portateis_cozinha_e_preparadores_de_alimentos,13,4228.05,3933.63,14.0,3.6153846153846154,8.442662927350428,0.07692307692307693
fashio_female_clothing,36,3302.39,2699.9300000000003,46.0,3.9166666666666665,13.001078317901236,0.05555555555555555
la_cuisine,12,2516.16,2129.99,14.0,4.5,7.675707947530864,0.0
fashion_sport,24,2503.33,1969.63,27.0,4.541666666666667,10.293810281635801,0.08333333333333333
arts_and_craftmanship,22,2168.4700000000003,1804.92,24.0,4.136363636363637,5.70596433080808,0.09090909090909091
diapers_and_hygiene,25,2046.19,1500.79,37.0,3.96,10.486374074074075,0.04
flowers,29,1794.8999999999999,1238.68,40.0,4.392857142857143,11.492039431673051,0.034482758620689655
pc_gamer,6,1280.0700000000002,1176.96,7.0,3.8333333333333335,10.20546875,0.0
home_comfort_2,22,1131.4099999999999,734.47,28.0,3.9047619047619047,15.075745475589224,0.18181818181818182
cds_dvds_musicals,12,954.99,730.0,14.0,4.666666666666667,10.920239197530863,0.0
fashion_childrens_clothes,7,718.98,589.9300000000001,9.0,5.0,8.81947585978836,0.0
security_and_services,2,324.51,283.28999999999996,2.0,2.5,15.138153935185183,0.0
